<?xml version="1.0" encoding="utf-8" ?>
<dwsync>
<file name="dashboard_01.gif" server="D:/laragon/www/TA/" local="133614709875597147" remote="133614709870000000" Dst="0" />
<file name="dashboard_02.gif" server="D:/laragon/www/TA/" local="133614709875617229" remote="133614709870000000" Dst="0" />
<file name="dashboard_03.gif" server="D:/laragon/www/TA/" local="133614709875636370" remote="133614709870000000" Dst="0" />
<file name="dashboard_04.gif" server="D:/laragon/www/TA/" local="133614709875647337" remote="133614709870000000" Dst="0" />
<file name="dashboard_05.gif" server="D:/laragon/www/TA/" local="133614709875657488" remote="133614709870000000" Dst="0" />
<file name="dashboard_06.gif" server="D:/laragon/www/TA/" local="133614709875666367" remote="133614709870000000" Dst="0" />
<file name="dashboard_07.gif" server="D:/laragon/www/TA/" local="133614709875676957" remote="133614709870000000" Dst="0" />
<file name="dashboard_08.gif" server="D:/laragon/www/TA/" local="133614709875676957" remote="133614709870000000" Dst="0" />
<file name="dashboard_09.gif" server="D:/laragon/www/TA/" local="133614709875686379" remote="133614709870000000" Dst="0" />
<file name="dashboard_10.gif" server="D:/laragon/www/TA/" local="133614709875697199" remote="133614709870000000" Dst="0" />
<file name="dashboard_11.gif" server="D:/laragon/www/TA/" local="133614709875697199" remote="133614709870000000" Dst="0" />
<file name="dashboard_12.gif" server="D:/laragon/www/TA/" local="133614709875716460" remote="133614709870000000" Dst="0" />
<file name="dashboard_13.gif" server="D:/laragon/www/TA/" local="133614709875720353" remote="133614709870000000" Dst="0" />
<file name="dashboard_14.gif" server="D:/laragon/www/TA/" local="133614709875730413" remote="133614709870000000" Dst="0" />
<file name="dashboard_15.gif" server="D:/laragon/www/TA/" local="133614709875730413" remote="133614709870000000" Dst="0" />
<file name="dashboard_16.gif" server="D:/laragon/www/TA/" local="133614709875740407" remote="133614709870000000" Dst="0" />
<file name="dashboard_17.gif" server="D:/laragon/www/TA/" local="133614709875800716" remote="133614709870000000" Dst="0" />
<file name="dashboard_18.gif" server="D:/laragon/www/TA/" local="133614709875826068" remote="133614709870000000" Dst="0" />
<file name="dashboard_19.gif" server="D:/laragon/www/TA/" local="133614709875836146" remote="133614709870000000" Dst="0" />
<file name="dashboard_20.gif" server="D:/laragon/www/TA/" local="133614709875896148" remote="133614709870000000" Dst="0" />
<file name="dashboard_21.gif" server="D:/laragon/www/TA/" local="133614709876431915" remote="133614709870000000" Dst="0" />
<file name="spacer.gif" server="D:/laragon/www/TA/" local="133614709876441760" remote="133614709870000000" Dst="0" />
</dwsync>